{
  "input": "C:\\Users\\rudol\\AppData\\Local\\Temp\\codex-clipboard-9a5af365-0f01-4ccf-9173-8a51eb40be9c.png",
  "target": {
    "format": "ZX Spectrum .scr",
    "width": 256,
    "height": 192,
    "fit": "cover"
  },
  "scoring": {
    "description": "Spatial OKLab error plus RGB RMSE to discourage large hue shifts",
    "formula": "0.05*OKLab(1px) + 0.15*OKLab(2px) + 0.30*OKLab(4px) + 0.50*OKLab(8px) + 0.25*RGB_RMSE(8px)"
  },
  "recommended": {
    "rank": 1,
    "colorSpace": "rgb",
    "dithering": "pattern",
    "selectionScore": 22.983454818057552,
    "perceptualScore": 19.47039094969788,
    "fullDeltaE": 37.64697731364124,
    "twoPixelDeltaE": 19.330068519662206,
    "fourPixelDeltaE": 18.55122357506012,
    "eightPixelDeltaE": 18.246329467096896,
    "rgbRmse": 95.82917365293031,
    "averagedRgbRmse": 14.052255473438695,
    "palette": [
      "#000000",
      "#0000cd",
      "#cd0000",
      "#00cd00",
      "#00cdcd",
      "#cdcd00",
      "#cdcdcd",
      "#0000ff",
      "#ff00ff",
      "#00ffff",
      "#ffff00",
      "#ffffff"
    ]
  },
  "lowestPerceptual": {
    "rank": 7,
    "colorSpace": "oklab",
    "dithering": "none",
    "selectionScore": 34.20753614941151,
    "perceptualScore": 18.39846458990452,
    "fullDeltaE": 19.461609664109,
    "twoPixelDeltaE": 18.901604910060513,
    "fourPixelDeltaE": 18.46151380752302,
    "eightPixelDeltaE": 18.10337845586617,
    "rgbRmse": 75.02371044480705,
    "averagedRgbRmse": 63.236286238027944,
    "palette": [
      "#000000",
      "#0000cd",
      "#cd0000",
      "#00cdcd",
      "#cdcdcd"
    ]
  },
  "candidates": [
    {
      "rank": 1,
      "colorSpace": "rgb",
      "dithering": "pattern",
      "selectionScore": 22.983454818057552,
      "perceptualScore": 19.47039094969788,
      "fullDeltaE": 37.64697731364124,
      "twoPixelDeltaE": 19.330068519662206,
      "fourPixelDeltaE": 18.55122357506012,
      "eightPixelDeltaE": 18.246329467096896,
      "rgbRmse": 95.82917365293031,
      "averagedRgbRmse": 14.052255473438695,
      "palette": [
        "#000000",
        "#0000cd",
        "#cd0000",
        "#00cd00",
        "#00cdcd",
        "#cdcd00",
        "#cdcdcd",
        "#0000ff",
        "#ff00ff",
        "#00ffff",
        "#ffff00",
        "#ffffff"
      ]
    },
    {
      "rank": 2,
      "colorSpace": "rgb",
      "dithering": "pattern-2x2",
      "selectionScore": 23.015688325878862,
      "perceptualScore": 18.408611488800954,
      "fullDeltaE": 37.86855629858006,
      "twoPixelDeltaE": 17.82102663632797,
      "fourPixelDeltaE": 17.50318852588179,
      "eightPixelDeltaE": 17.18214624131644,
      "rgbRmse": 95.39812972401194,
      "averagedRgbRmse": 18.428307348311627,
      "palette": [
        "#000000",
        "#0000cd",
        "#cd0000",
        "#00cd00",
        "#00cdcd",
        "#cdcd00",
        "#cdcdcd",
        "#0000ff",
        "#ff00ff",
        "#00ffff",
        "#ffff00",
        "#ffffff"
      ]
    },
    {
      "rank": 3,
      "colorSpace": "oklab",
      "dithering": "pattern",
      "selectionScore": 23.372090748107457,
      "perceptualScore": 19.193624731829523,
      "fullDeltaE": 36.90299889027399,
      "twoPixelDeltaE": 19.201797723857954,
      "fourPixelDeltaE": 18.307749503831587,
      "eightPixelDeltaE": 17.95176055517531,
      "rgbRmse": 95.37173101228888,
      "averagedRgbRmse": 16.713864065111736,
      "palette": [
        "#000000",
        "#0000cd",
        "#cd00cd",
        "#00cd00",
        "#00cdcd",
        "#cdcd00",
        "#cdcdcd",
        "#0000ff",
        "#ff00ff",
        "#00ffff",
        "#ffff00",
        "#ffffff"
      ]
    },
    {
      "rank": 4,
      "colorSpace": "rgb",
      "dithering": "floyd-steinberg",
      "selectionScore": 23.760320366546527,
      "perceptualScore": 20.019039770948645,
      "fullDeltaE": 37.83407816571586,
      "twoPixelDeltaE": 20.318435233102168,
      "fourPixelDeltaE": 19.06925933360373,
      "eightPixelDeltaE": 18.717585555232812,
      "rgbRmse": 96.74348834782714,
      "averagedRgbRmse": 14.965122382391524,
      "palette": [
        "#000000",
        "#0000cd",
        "#cd0000",
        "#cd00cd",
        "#00cd00",
        "#00cdcd",
        "#cdcd00",
        "#cdcdcd",
        "#0000ff",
        "#ff00ff",
        "#00ffff",
        "#ffff00",
        "#ffffff"
      ]
    },
    {
      "rank": 5,
      "colorSpace": "oklab",
      "dithering": "pattern-2x2",
      "selectionScore": 24.47068240637002,
      "perceptualScore": 19.08386586564447,
      "fullDeltaE": 37.11708098982654,
      "twoPixelDeltaE": 18.593000442090382,
      "fourPixelDeltaE": 18.27403181254798,
      "eightPixelDeltaE": 17.91370441215038,
      "rgbRmse": 95.12842129361061,
      "averagedRgbRmse": 21.547266162902208,
      "palette": [
        "#000000",
        "#0000cd",
        "#cd00cd",
        "#00cd00",
        "#00cdcd",
        "#cdcd00",
        "#cdcdcd",
        "#0000ff",
        "#ff00ff",
        "#00ffff",
        "#ffff00",
        "#ffffff"
      ]
    },
    {
      "rank": 6,
      "colorSpace": "oklab",
      "dithering": "floyd-steinberg",
      "selectionScore": 29.074479355792626,
      "perceptualScore": 21.950544217853302,
      "fullDeltaE": 37.097605760144546,
      "twoPixelDeltaE": 22.141741640664815,
      "fourPixelDeltaE": 21.172118168107858,
      "eightPixelDeltaE": 20.84553446662799,
      "rgbRmse": 97.20169680020943,
      "averagedRgbRmse": 28.495740551757294,
      "palette": [
        "#000000",
        "#0000cd",
        "#cd00cd",
        "#00cd00",
        "#00cdcd",
        "#cdcd00",
        "#cdcdcd",
        "#0000ff",
        "#ff00ff",
        "#00ffff",
        "#ffff00",
        "#ffffff"
      ]
    },
    {
      "rank": 7,
      "colorSpace": "oklab",
      "dithering": "none",
      "selectionScore": 34.20753614941151,
      "perceptualScore": 18.39846458990452,
      "fullDeltaE": 19.461609664109,
      "twoPixelDeltaE": 18.901604910060513,
      "fourPixelDeltaE": 18.46151380752302,
      "eightPixelDeltaE": 18.10337845586617,
      "rgbRmse": 75.02371044480705,
      "averagedRgbRmse": 63.236286238027944,
      "palette": [
        "#000000",
        "#0000cd",
        "#cd0000",
        "#00cdcd",
        "#cdcdcd"
      ]
    },
    {
      "rank": 8,
      "colorSpace": "rgb",
      "dithering": "none",
      "selectionScore": 40.01304763713421,
      "perceptualScore": 26.362307044269603,
      "fullDeltaE": 29.596513967965894,
      "twoPixelDeltaE": 28.673568857508116,
      "fourPixelDeltaE": 27.172400896029348,
      "eightPixelDeltaE": 24.859451496872573,
      "rgbRmse": 59.30563496632239,
      "averagedRgbRmse": 54.60296237145843,
      "palette": [
        "#000000",
        "#0000cd",
        "#cd0000",
        "#00cd00",
        "#00cdcd",
        "#cdcd00",
        "#cdcdcd"
      ]
    }
  ]
}
